model,weighted_score,weighted_ci_lower,weighted_ci_upper,semantic_score,metrics_count,rank
GPT_o1_Pro,0.7123016250000002,0.493017705112158,0.9315855448878421,0.5570106666666667,6,1
GPT_o1,0.6789629166666667,0.4031811228800451,0.9547447104532881,0.5542221666666666,6,2
Gemini_2_0_Flash,0.539991375,0.21055847373080736,0.8694242762691927,0.4803054166666667,6,3
DeepSeek_DeepThink_R1,0.45874508333333336,0.1352500736727056,0.7822400929939609,0.3851950833333333,6,4
Claude_3_5_Sonnet,0.44613050000000004,0.19162966466748635,0.7006313353325136,0.305224,6,5
Llama_3_1_405B,0.39226075,0.07646710089612789,0.708054399103872,0.29234975,6,6
ChatGPT_4o,0.3742430833333333,0.02568141601531308,0.7228047506513535,0.3137218333333333,6,7
Mistral_Large_2,0.3398224166666666,0.13632422448630438,0.5433206088470289,0.28562133333333334,6,8
