{
  "model_performance": {
    "ChatGPT_4o": {
      "mean_f1": 0.14032360742705569,
      "mean_coverage": 0.46025641025641023,
      "mean_semantic": "0.5438994",
      "mean_reasoning": 0.2975,
      "mean_factual": 0.46025641025641023,
      "mean_domain": 0.53,
      "mean_baseline_improvement": "-0.037932068",
      "mean_length": 234.25,
      "mean_uncertainty": 0.5,
      "sample_size": 4,
      "is_baseline": false
    },
    "ChatGPT_o1_pro": {
      "mean_f1": 0.059072255436160306,
      "mean_coverage": 0.776068376068376,
      "mean_semantic": "0.5919007",
      "mean_reasoning": 0.585,
      "mean_factual": 0.776068376068376,
      "mean_domain": 0.8400000000000001,
      "mean_baseline_improvement": "0.010069238",
      "mean_length": 844.75,
      "mean_uncertainty": 1.5,
      "sample_size": 4,
      "is_baseline": false
    },
    "Claude_Sonnet": {
      "mean_f1": 0.1289478485160424,
      "mean_coverage": 0.3737179487179487,
      "mean_semantic": "0.5385326",
      "mean_reasoning": 0.3825,
      "mean_factual": 0.3737179487179487,
      "mean_domain": 0.64,
      "mean_baseline_improvement": "-0.043298833",
      "mean_length": 168.5,
      "mean_uncertainty": 1.5,
      "sample_size": 4,
      "is_baseline": false
    },
    "Gemini": {
      "mean_f1": 0.13628593287744015,
      "mean_coverage": 0.7903846153846155,
      "mean_semantic": "0.5944878",
      "mean_reasoning": 0.455,
      "mean_factual": 0.7903846153846155,
      "mean_domain": 0.76,
      "mean_baseline_improvement": "0.012656273",
      "mean_length": 326.5,
      "mean_uncertainty": 1.0,
      "sample_size": 4,
      "is_baseline": false
    },
    "Mistral_Large": {
      "mean_f1": 0.10424392335527587,
      "mean_coverage": 0.46794871794871795,
      "mean_semantic": "0.51774126",
      "mean_reasoning": 0.2375,
      "mean_factual": 0.46794871794871795,
      "mean_domain": 0.53,
      "mean_baseline_improvement": "-0.06409019",
      "mean_length": 264.75,
      "mean_uncertainty": 0.0,
      "sample_size": 4,
      "is_baseline": false
    },
    "Meta_Llama": {
      "mean_f1": 0.15527178788196508,
      "mean_coverage": 0.5818376068376068,
      "mean_semantic": "0.576238",
      "mean_reasoning": 0.29500000000000004,
      "mean_factual": 0.5818376068376068,
      "mean_domain": 0.6099999999999999,
      "mean_baseline_improvement": "-0.005593477",
      "mean_length": 363.25,
      "mean_uncertainty": 1.0,
      "sample_size": 4,
      "is_baseline": false
    },
    "DeepThink_R1": {
      "mean_f1": 0.1113258982971608,
      "mean_coverage": 0.6702991452991454,
      "mean_semantic": "0.559131",
      "mean_reasoning": 0.3225,
      "mean_factual": 0.5952991452991453,
      "mean_domain": 0.62,
      "mean_baseline_improvement": "-0.022700466",
      "mean_length": 417.25,
      "mean_uncertainty": 1.75,
      "sample_size": 4,
      "is_baseline": false
    },
    "Random_Baseline": {
      "mean_f1": 0.2480759980759981,
      "mean_coverage": 0.20256410256410257,
      "mean_semantic": "0.5225481",
      "mean_reasoning": 0.11249999999999999,
      "mean_factual": 0.20256410256410257,
      "mean_domain": 0.13,
      "mean_baseline_improvement": "-0.059283394",
      "mean_length": 14.0,
      "mean_uncertainty": 0.0,
      "sample_size": 4,
      "is_baseline": true
    },
    "Frequency_Baseline": {
      "mean_f1": 0.44065947493366847,
      "mean_coverage": 0.48782051282051286,
      "mean_semantic": "0.7061608",
      "mean_reasoning": 0.1625,
      "mean_factual": 0.48782051282051286,
      "mean_domain": 0.16,
      "mean_baseline_improvement": "0.12432931",
      "mean_length": 24.0,
      "mean_uncertainty": 0.0,
      "sample_size": 4,
      "is_baseline": true
    },
    "Keyword_Baseline": {
      "mean_f1": 0.2263395225464191,
      "mean_coverage": 0.11623931623931624,
      "mean_semantic": "0.4097724",
      "mean_reasoning": 0.0875,
      "mean_factual": 0.11623931623931624,
      "mean_domain": 0.04000000000000001,
      "mean_baseline_improvement": "-0.17205904",
      "mean_length": 17.0,
      "mean_uncertainty": 0.0,
      "sample_size": 4,
      "is_baseline": true
    },
    "Template_Baseline": {
      "mean_f1": 0.31212121212121213,
      "mean_coverage": 0.3467948717948718,
      "mean_semantic": "0.68884456",
      "mean_reasoning": 0.3325,
      "mean_factual": 0.3467948717948718,
      "mean_domain": 0.09000000000000001,
      "mean_baseline_improvement": "0.107013136",
      "mean_length": 25.0,
      "mean_uncertainty": 0.0,
      "sample_size": 4,
      "is_baseline": true
    }
  },
  "baseline_comparisons": {
    "llm_mean_semantic": "0.5602758",
    "baseline_mean_semantic": "0.58183146",
    "semantic_improvement": "-0.021555662",
    "mean_baseline_improvement": "-0.021555647",
    "models_better_than_baselines": 8,
    "total_comparisons": 28,
    "t_statistic": -0.544760323516064,
    "p_value": 0.5887994432377397,
    "effect_size": -0.1575879554359213,
    "significance": "not_significant"
  },
  "pairwise_comparisons": {},
  "enhanced_metrics_analysis": {},
  "significance_tests": {}
}