Model,Mean,Std Dev,Min,Max,Range
GPT-o1 Pro,0.5694155092592593,0.11696770439928574,0.42500000000000004,0.7437499999999999,0.31874999999999987
GPT-o1,0.48746775246154384,0.12817428148377577,0.32499999999999996,0.7083333333333333,0.3833333333333333
Gemini-2.0,0.4103567002083728,0.10499202902156263,0.3,0.5669269075994428,0.26692690759944276
Llama-3.1,0.32485219065831566,0.15964727153139727,0.15000000000000002,0.573815524902275,0.42381552490227503
DeepThink-R1,0.3220633408107758,0.15123542071975848,0.05,0.5387292512138613,0.4887292512138613
GPT-4o,0.29911297690050176,0.17413601212235436,0.15,0.6116421471172963,0.46164214711729623
Claude-3.5,0.2968242394179894,0.17952016199817003,0.0,0.5835,0.5835
Mistral-L2,0.2759179342455909,0.20186607917272875,0.0,0.6672139546798946,0.6672139546798946
