model,semantic_accuracy,reasoning_quality,domain_knowledge_score,factual_correctness,response_depth,biobank_specificity
GPT-4o,0.2708333333333333,0.15625,0.13333333333333333,0.21250000000000002,0.5478155339805826,0.25
GPT-o1,0.2375,0.33124999999999993,0.2726282051282051,0.48750000000000004,0.5,0.525
GPT-o1 Pro,0.2666666666666667,0.46874999999999994,0.33092948717948717,0.5125000000000001,0.6000000000000001,0.575
Claude-3.5,0.17916666666666667,0.1875,0.19115384615384617,0.175,0.4347462223944208,0.275
Gemini-2.0,0.31666666666666665,0.23124999999999998,0.20923076923076922,0.3875,0.335,0.35000000000000003
Mistral-L2,0.2333333333333333,0.16875,0.10833333333333334,0.08750000000000001,0.5578264497288278,0.2
Llama-3.1,0.21666666666666665,0.09999999999999999,0.11666666666666667,0.275,0.3936428858405556,0.3
DeepThink-R1,0.2125,0.11249999999999999,0.18833333333333332,0.08750000000000001,0.38109004739336494,0.25
