Model,Mean,Std Dev,Min,Max
GPT-o1 Pro,0.45897435897435895,0.1222623381097978,0.2666666666666667,0.6000000000000001
GPT-o1,0.39231303418803415,0.11567418321049906,0.2375,0.525
Gemini-2.0,0.30494123931623934,0.06387246205829963,0.20923076923076922,0.3875
GPT-4o,0.26178870010787486,0.13668741893314346,0.13333333333333333,0.5478155339805826
Claude-3.5,0.24042778920248895,0.09328976748576912,0.175,0.4347462223944208
Llama-3.1,0.23366270319564816,0.10291236072523947,0.09999999999999999,0.3936428858405556
Mistral-L2,0.22595718606591575,0.15660130718040147,0.08750000000000001,0.5578264497288278
DeepThink-R1,0.2053205634544497,0.09637480307217694,0.08750000000000001,0.38109004739336494
