Model,WCS,BaselineMean,ImprovementFactor,BaselineN,BaselineExceedances,p_value,significant
Gemini 3 Pro,0.643,0.21196080681335724,3.0,10000,0,9.999000099990002e-05,True
Claude Sonnet 4.5,0.577,0.21196080681335724,2.7,10000,0,9.999000099990002e-05,True
Claude Opus 4.5,0.577,0.21196080681335724,2.7,10000,0,9.999000099990002e-05,True
Mistral Large 2,0.567,0.21196080681335724,2.7,10000,0,9.999000099990002e-05,True
DeepSeek V3,0.517,0.21196080681335724,2.4,10000,0,9.999000099990002e-05,True
GPT-5.2,0.455,0.21196080681335724,2.1,10000,0,9.999000099990002e-05,True
