Model,WCS,BaselineMean,ImprovementFactor,U_statistic,p_value,significant
Gemini 3 Pro,0.643,0.22071343416287648,2.9,10000.0,2.820007605185317e-39,True
Claude Sonnet 4.5,0.577,0.22071343416287648,2.6,10000.0,2.820007605185317e-39,True
Claude Opus 4.5,0.577,0.22071343416287648,2.6,10000.0,2.820007605185317e-39,True
Mistral Large 2,0.567,0.22071343416287648,2.6,10000.0,2.820007605185317e-39,True
DeepSeek V3,0.517,0.22071343416287648,2.3,10000.0,2.820007605185317e-39,True
GPT-5.2,0.455,0.22071343416287648,2.1,10000.0,2.820007605185317e-39,True
