Model,AuthorsWeighted,InstitutionsWeighted,SubjectsWeighted,KeywordsWeighted,OverallWeighted,AuthorsCoverage,InstitutionsCoverage,SubjectsCoverage,KeywordsCoverage,OverallCoverage
Gemini 2.0 Flash,0.44692737430167595,0.91701244813278,0.25,0.8300499775233361,0.6109974499894479,0.45,0.9,0.2,0.7,0.5625
DeepThink R1,0.3438857852265674,0.7676348547717843,0.0,0.6324404368405744,0.4359902692097315,0.35,0.7,0.0,0.45,0.37499999999999994
Mistral Large 2,0.6852886405959032,0.2517289073305671,0.0,0.7596054684401196,0.42415575409164746,0.7,0.3,0.0,0.7,0.425
ChatGPT o1 pro,0.0,0.8215767634854771,0.10833333333333334,0.7452732897903059,0.4187958466522791,0.0,0.8,0.2,0.65,0.4125
Claude 3.5 Sonnet (explanatory style),0.590316573556797,0.2918395573997234,0.0,0.5986989978052198,0.3702137821904351,0.6,0.4,0.0,0.5,0.375
ChatGPT o1,0.0,0.8215767634854771,0.0,0.6468255017584684,0.3671005663109864,0.0,0.8,0.0,0.5,0.325
ChatGPT 4o,0.0,0.8215767634854771,0.0,0.6468255017584684,0.3671005663109864,0.0,0.8,0.0,0.5,0.325
Meta Llama 3.1 405B,0.39416511483550587,0.05394190871369295,0.06666666666666667,0.7956474601369754,0.3276052875882102,0.4,0.1,0.1,0.65,0.3125
