Model,CoverageScore,WeightedCoverageScore,KeywordsFound
Gemini 2.0 Flash,0.7,0.8300499775233361,14
Meta Llama 3.1 405B,0.65,0.7956474601369754,13
Mistral Large 2,0.7,0.7596054684401196,14
ChatGPT o1 pro,0.65,0.7452732897903059,13
ChatGPT 4o,0.5,0.6468255017584684,10
ChatGPT o1,0.5,0.6468255017584684,10
DeepThink R1,0.45,0.6324404368405744,9
Claude 3.5 Sonnet (explanatory style),0.5,0.5986989978052198,10
