{
  "summary": {
    "total_models_evaluated": 10,
    "total_llm_models": 8,
    "total_baseline_models": 2,
    "total_queries": 4,
    "query_types": [
      "keywords",
      "institutions",
      "authors",
      "citations"
    ],
    "evaluation_framework": "Real Data LLM Evaluation with Enhanced Metrics"
  },
  "detailed_metrics": {
    "ChatGPT_4o": {
      "avg_coverage_score": 0.6687062937062938,
      "avg_precision": 1.0,
      "avg_recall": 0.5067432567432568,
      "avg_f1_score": 0.6519005847953216,
      "avg_semantic_accuracy": 0.6155963614583015,
      "avg_coherence_score": 0.07186411149825783,
      "avg_reasoning_quality": 0.7359493170132142,
      "total_error_types": 1,
      "avg_response_length": 234.25
    },
    "ChatGPT_o1": {
      "avg_coverage_score": 0.6796953046953047,
      "avg_precision": 1.0,
      "avg_recall": 0.8632617382617382,
      "avg_f1_score": 0.9233814333814334,
      "avg_semantic_accuracy": 0.6395210921764374,
      "avg_coherence_score": 0.08202716823406479,
      "avg_reasoning_quality": 0.30236081359034805,
      "total_error_types": 0,
      "avg_response_length": 663.75
    },
    "ChatGPT_o1_pro": {
      "avg_coverage_score": 0.6323676323676323,
      "avg_precision": 1.0,
      "avg_recall": 0.8261738261738261,
      "avg_f1_score": 0.9025765900765901,
      "avg_semantic_accuracy": 0.6192531734704971,
      "avg_coherence_score": 0.05704321422284809,
      "avg_reasoning_quality": 0.3151685991883008,
      "total_error_types": 0,
      "avg_response_length": 844.75
    },
    "Claude_Sonnet": {
      "avg_coverage_score": 0.5257242757242757,
      "avg_precision": 1.0,
      "avg_recall": 0.42594905094905094,
      "avg_f1_score": 0.5440472599296129,
      "avg_semantic_accuracy": 0.5554624274373055,
      "avg_coherence_score": 0.4464285714285714,
      "avg_reasoning_quality": 0.9655172413793104,
      "total_error_types": 0,
      "avg_response_length": 168.5
    },
    "Gemini": {
      "avg_coverage_score": 0.6824425574425574,
      "avg_precision": 1.0,
      "avg_recall": 0.7478771228771228,
      "avg_f1_score": 0.8443121693121693,
      "avg_semantic_accuracy": 0.6381377130746841,
      "avg_coherence_score": 0.2294690603514133,
      "avg_reasoning_quality": 0.6527057395056085,
      "total_error_types": 0,
      "avg_response_length": 326.5
    },
    "Mistral_Large_2": {
      "avg_coverage_score": 0.5428321678321678,
      "avg_precision": 1.0,
      "avg_recall": 0.4067182817182817,
      "avg_f1_score": 0.5447038255861786,
      "avg_semantic_accuracy": 0.5859044641256332,
      "avg_coherence_score": 0.2,
      "avg_reasoning_quality": 0.583911086555315,
      "total_error_types": 0,
      "avg_response_length": 264.75
    },
    "Meta_Llama_3_1_405B": {
      "avg_coverage_score": 0.6404845154845156,
      "avg_precision": 1.0,
      "avg_recall": 0.5635614385614386,
      "avg_f1_score": 0.6947660427807487,
      "avg_semantic_accuracy": 0.6156915128231049,
      "avg_coherence_score": 0.034090909090909095,
      "avg_reasoning_quality": 0.2730493486065789,
      "total_error_types": 0,
      "avg_response_length": 363.25
    },
    "DeepThink_R1": {
      "avg_coverage_score": 0.5847902097902098,
      "avg_precision": 1.0,
      "avg_recall": 0.6251248751248751,
      "avg_f1_score": 0.7226923076923077,
      "avg_semantic_accuracy": 0.6286516264081001,
      "avg_coherence_score": 0.12175324675324675,
      "avg_reasoning_quality": 0.4892891076873691,
      "total_error_types": 0,
      "avg_response_length": 417.25
    },
    "Random_Baseline": {
      "avg_coverage_score": 0.6383616383616384,
      "avg_precision": 1.0,
      "avg_recall": 0.17519980019980022,
      "avg_f1_score": 0.28055555555555556,
      "avg_semantic_accuracy": 0.6252157837152481,
      "avg_coherence_score": 0.0,
      "avg_reasoning_quality": 1.0,
      "total_error_types": 1,
      "avg_response_length": 14.5
    },
    "SimpleRule_Baseline": {
      "avg_coverage_score": 0.8083166833166834,
      "avg_precision": 1.0,
      "avg_recall": 0.6446053946053946,
      "avg_f1_score": 0.7732887700534761,
      "avg_semantic_accuracy": 0.8029008358716965,
      "avg_coherence_score": 0.0,
      "avg_reasoning_quality": 0.75,
      "total_error_types": 0,
      "avg_response_length": 33.0
    }
  },
  "model_rankings": {
    "by_f1_score": [
      {
        "model": "ChatGPT_o1",
        "f1_score": 0.9233814333814334
      },
      {
        "model": "ChatGPT_o1_pro",
        "f1_score": 0.9025765900765901
      },
      {
        "model": "Gemini",
        "f1_score": 0.8443121693121693
      },
      {
        "model": "SimpleRule_Baseline",
        "f1_score": 0.7732887700534761
      },
      {
        "model": "DeepThink_R1",
        "f1_score": 0.7226923076923077
      },
      {
        "model": "Meta_Llama_3_1_405B",
        "f1_score": 0.6947660427807487
      },
      {
        "model": "ChatGPT_4o",
        "f1_score": 0.6519005847953216
      },
      {
        "model": "Mistral_Large_2",
        "f1_score": 0.5447038255861786
      },
      {
        "model": "Claude_Sonnet",
        "f1_score": 0.5440472599296129
      },
      {
        "model": "Random_Baseline",
        "f1_score": 0.28055555555555556
      }
    ],
    "by_coverage": [
      {
        "model": "SimpleRule_Baseline",
        "coverage_score": 0.8083166833166834
      },
      {
        "model": "Gemini",
        "coverage_score": 0.6824425574425574
      },
      {
        "model": "ChatGPT_o1",
        "coverage_score": 0.6796953046953047
      },
      {
        "model": "ChatGPT_4o",
        "coverage_score": 0.6687062937062938
      },
      {
        "model": "Meta_Llama_3_1_405B",
        "coverage_score": 0.6404845154845156
      },
      {
        "model": "Random_Baseline",
        "coverage_score": 0.6383616383616384
      },
      {
        "model": "ChatGPT_o1_pro",
        "coverage_score": 0.6323676323676323
      },
      {
        "model": "DeepThink_R1",
        "coverage_score": 0.5847902097902098
      },
      {
        "model": "Mistral_Large_2",
        "coverage_score": 0.5428321678321678
      },
      {
        "model": "Claude_Sonnet",
        "coverage_score": 0.5257242757242757
      }
    ]
  },
  "baseline_comparisons": {
    "ChatGPT_4o_vs_Random_Baseline": {
      "llm_f1": 0.6519005847953216,
      "baseline_f1": 0.28055555555555556,
      "improvement": 0.3713450292397661,
      "improvement_percentage": 132.3606044815008
    },
    "ChatGPT_4o_vs_SimpleRule_Baseline": {
      "llm_f1": 0.6519005847953216,
      "baseline_f1": 0.7732887700534761,
      "improvement": -0.12138818525815442,
      "improvement_percentage": -15.697652669876472
    },
    "ChatGPT_o1_vs_Random_Baseline": {
      "llm_f1": 0.9233814333814334,
      "baseline_f1": 0.28055555555555556,
      "improvement": 0.6428258778258779,
      "improvement_percentage": 229.12605546268912
    },
    "ChatGPT_o1_vs_SimpleRule_Baseline": {
      "llm_f1": 0.9233814333814334,
      "baseline_f1": 0.7732887700534761,
      "improvement": 0.15009266332795734,
      "improvement_percentage": 19.40965253091388
    },
    "ChatGPT_o1_pro_vs_Random_Baseline": {
      "llm_f1": 0.9025765900765901,
      "baseline_f1": 0.28055555555555556,
      "improvement": 0.6220210345210345,
      "improvement_percentage": 221.71046775007173
    },
    "ChatGPT_o1_pro_vs_SimpleRule_Baseline": {
      "llm_f1": 0.9025765900765901,
      "baseline_f1": 0.7732887700534761,
      "improvement": 0.129287820023114,
      "improvement_percentage": 16.719216032863535
    },
    "Claude_Sonnet_vs_Random_Baseline": {
      "llm_f1": 0.5440472599296129,
      "baseline_f1": 0.28055555555555556,
      "improvement": 0.26349170437405733,
      "improvement_percentage": 93.91783522243628
    },
    "Claude_Sonnet_vs_SimpleRule_Baseline": {
      "llm_f1": 0.5440472599296129,
      "baseline_f1": 0.7732887700534761,