model,weighted_score,weighted_ci_lower,weighted_ci_upper,metrics_count,rank
ChatGPT_o1_pro,0.7388321428571428,0.4882524649108304,0.9894118208034554,7,1
Gemini,0.6241964285714285,0.3504347562206623,0.897958100922195,7,2
DeepThink_R1,0.5147607142857143,0.26079213599420265,0.7687292925772259,7,3
Meta_Llama,0.511575,0.28180883813789,0.74134116186211,7,4
Claude_Sonnet,0.4543749999999999,0.2551511602371415,0.6535988397628586,7,5
ChatGPT_4o,0.4464607142857142,0.18769714763490566,0.705224280936523,7,6
Mistral_Large,0.4248392857142857,0.26346258564831243,0.586215985780259,7,7
